{
"description" : "",
"GsonAgent" : 
 [ 
  {"clss":"BaselGovt","json":"{\"country\":\"Erewhon\",\"capitalPct\":10.0,\"reservePct\":10,\"reserveControls\":true,\"capitalControls\":false,\"payUnemployment\":false,\"personalTaxRate\":0,\"corporateTaxRate\":0,\"personalCutoff\":0,\"corporateCutoff\":0,\"maxCivilServants\":0,\"treasuryRate\":10.0,\"name\":\"Erewhon\",\"initialDeposit\":0,\"bankname\":\"Central Bank\",\"x\":0.0,\"y\":0.0,\"defaultProb\":0.0,\"regionName\":\"\"}"},
 {"clss":"Bank","json":"{\"sharePrice\":10,\"capitalPct\":0.2,\"capitalDividend\":0.0,\"capitalSteps\":12,\"interestRateDelta\":0,\"writeOffLimit\":6,\"lossProvisionPct\":0.01,\"labourInput\":0,\"name\":\"Bank\",\"initialDeposit\":0,\"bankname\":\"\",\"x\":333.0,\"y\":409.5,\"defaultProb\":0.0,\"regionName\":\"\"}"},
  {"clss":"LabourMarket","json":"{\"maxEmployees\":4,\"bidEqualsAsk\":false,\"maxInventory\":20,\"ttl\":-1,\"minSpread\":1,\"maxSpread\":5,\"minCapital\":200,\"payDividend\":false,\"product\":\"Labour\",\"labourInput\":0,\"name\":\"Labour\",\"initialDeposit\":0,\"bankname\":\"Central Bank\",\"x\":333.0,\"y\":369.5,\"defaultProb\":0.0,\"regionName\":\"\"}"},
  {"clss":"Market","json":"{\"maxEmployees\":1,\"bidEqualsAsk\":false,\"maxInventory\":20,\"ttl\":3,\"minSpread\":1,\"maxSpread\":1,\"minCapital\":200,\"payDividend\":false,\"product\":\"Food\",\"labourInput\":0,\"name\":\"M-Food\",\"initialDeposit\":100,\"bankname\":\"Bank\",\"x\":333.0,\"y\":369.5,\"defaultProb\":0.0,\"regionName\":\"\"}"},
  {"clss":"Market","json":"{\"maxEmployees\":1,\"bidEqualsAsk\":false,\"maxInventory\":20,\"ttl\":3,\"minSpread\":1,\"maxSpread\":1,\"minCapital\":200,\"payDividend\":false,\"product\":\"Milk\",\"labourInput\":0,\"name\":\"M-Milk\",\"initialDeposit\":200,\"bankname\":\"Bank\",\"x\":333.0,\"y\":369.5,\"defaultProb\":0.0,\"regionName\":\"\"}"},
  {"clss":"Farm","json":"{\"product\":\"Milk\",\"labourInput\":2,\"name\":\"Farm-7\",\"initialDeposit\":100,\"bankname\":\"Bank\",\"x\":152.0,\"y\":362.0,\"defaultProb\":0.0,\"regionName\":\"\"}"},
  {"clss":"Farm","json":"{\"product\":\"Food\",\"labourInput\":2,\"name\":\"Farm-5\",\"initialDeposit\":100,\"bankname\":\"Bank\",\"x\":174.0,\"y\":216.0,\"defaultProb\":0.0,\"regionName\":\"\"}"},
  {"clss":"Person","json":"{\"profile\":{\"needs\":{\"Food\":{\"product\":\"Food\",\"quantity\":1,\"storeQ\":1,\"consumption\":1,\"stepFrequency\":0,\"useLoan\":false,\"consumable\":true},\"Milk\":{\"product\":\"Milk\",\"quantity\":1,\"storeQ\":1,\"consumption\":1,\"stepFrequency\":0,\"useLoan\":false,\"consumable\":true}}},\"desiredSalary\":1,\"salary\":1,\"randomPurchase\":false,\"name\":\"ID-12\",\"initialDeposit\":20,\"bankname\":\"Bank\",\"x\":0.0,\"y\":0.0,\"defaultProb\":0.0,\"regionName\":\"\"}"},
  {"clss":"Person","json":"{\"profile\":{\"needs\":{\"Food\":{\"product\":\"Food\",\"quantity\":1,\"storeQ\":1,\"consumption\":1,\"stepFrequency\":0,\"useLoan\":false,\"consumable\":true},\"Milk\":{\"product\":\"Milk\",\"quantity\":1,\"storeQ\":1,\"consumption\":1,\"stepFrequency\":0,\"useLoan\":false,\"consumable\":true}}},\"desiredSalary\":1,\"salary\":1,\"randomPurchase\":false,\"name\":\"ID-14\",\"initialDeposit\":20,\"bankname\":\"Bank\",\"x\":0.0,\"y\":0.0,\"defaultProb\":0.0,\"regionName\":\"\"}"},
  {"clss":"Person","json":"{\"profile\":{\"needs\":{\"Food\":{\"product\":\"Food\",\"quantity\":1,\"storeQ\":1,\"consumption\":1,\"stepFrequency\":0,\"useLoan\":false,\"consumable\":true},\"Milk\":{\"product\":\"Milk\",\"quantity\":1,\"storeQ\":1,\"consumption\":1,\"stepFrequency\":0,\"useLoan\":false,\"consumable\":true}}},\"desiredSalary\":1,\"salary\":1,\"randomPurchase\":false,\"name\":\"ID-9\",\"initialDeposit\":20,\"bankname\":\"Bank\",\"x\":0.0,\"y\":0.0,\"defaultProb\":0.0,\"regionName\":\"\"}"},
  {"clss":"Person","json":"{\"profile\":{\"needs\":{\"Food\":{\"product\":\"Food\",\"quantity\":1,\"storeQ\":1,\"consumption\":1,\"stepFrequency\":0,\"useLoan\":false,\"consumable\":true},\"Milk\":{\"product\":\"Milk\",\"quantity\":1,\"storeQ\":1,\"consumption\":1,\"stepFrequency\":0,\"useLoan\":false,\"consumable\":true}}},\"desiredSalary\":1,\"salary\":1,\"randomPurchase\":false,\"name\":\"ID-11\",\"initialDeposit\":20,\"bankname\":\"Bank\",\"x\":0.0,\"y\":0.0,\"defaultProb\":0.0,\"regionName\":\"\"}"},
  {"clss":"Person","json":"{\"profile\":{\"needs\":{\"Food\":{\"product\":\"Food\",\"quantity\":1,\"storeQ\":1,\"consumption\":1,\"stepFrequency\":0,\"useLoan\":false,\"consumable\":true},\"Milk\":{\"product\":\"Milk\",\"quantity\":1,\"storeQ\":1,\"consumption\":1,\"stepFrequency\":0,\"useLoan\":false,\"consumable\":true}}},\"desiredSalary\":1,\"salary\":1,\"randomPurchase\":false,\"name\":\"ID-18\",\"initialDeposit\":20,\"bankname\":\"Bank\",\"x\":0.0,\"y\":0.0,\"defaultProb\":0.0,\"regionName\":\"\"}"},
  {"clss":"Person","json":"{\"profile\":{\"needs\":{\"Food\":{\"product\":\"Food\",\"quantity\":1,\"storeQ\":1,\"consumption\":1,\"stepFrequency\":0,\"useLoan\":false,\"consumable\":true},\"Milk\":{\"product\":\"Milk\",\"quantity\":1,\"storeQ\":1,\"consumption\":1,\"stepFrequency\":0,\"useLoan\":false,\"consumable\":true}}},\"desiredSalary\":1,\"salary\":1,\"randomPurchase\":false,\"name\":\"ID-10\",\"initialDeposit\":20,\"bankname\":\"Bank\",\"x\":0.0,\"y\":0.0,\"defaultProb\":0.0,\"regionName\":\"\"}"},
  {"clss":"Person","json":"{\"profile\":{\"needs\":{\"Food\":{\"product\":\"Food\",\"quantity\":1,\"storeQ\":1,\"consumption\":1,\"stepFrequency\":0,\"useLoan\":false,\"consumable\":true},\"Milk\":{\"product\":\"Milk\",\"quantity\":1,\"storeQ\":1,\"consumption\":1,\"stepFrequency\":0,\"useLoan\":false,\"consumable\":true}}},\"desiredSalary\":1,\"salary\":1,\"randomPurchase\":false,\"name\":\"ID-19\",\"initialDeposit\":20,\"bankname\":\"Bank\",\"x\":0.0,\"y\":0.0,\"defaultProb\":0.0,\"regionName\":\"\"}"}
 ]
}
