{
"description" : "",
 "GsonAgent" : 
 [ 
  {"clss":"BaselGovt","json":"{\"country\":\"Erewhon\",\"capitalPct\":10.0,\"reservePct\":10,\"reserveControls\":true,\"capitalControls\":false,\"personalTaxRate\":0,\"corporateTaxRate\":0,\"personalCutoff\":0,\"corporateCutoff\":0,\"maxCivilServants\":0,\"treasuryRate\":10.0,\"name\":\"Erewhon\",\"initialDeposit\":100,\"bankname\":\"Central Bank\",\"x\":0.0,\"y\":0.0,\"defaultProb\":0.0,\"regionName\":\"\"}"},
 {"clss":"Bank","json":"{\"sharePrice\":10,\"capitalPct\":0.2,\"capitalDividend\":0.0,\"capitalSteps\":12,\"interestRateDelta\":0,\"labourInput\":0,\"name\":\"Bank-4\",\"initialDeposit\":0,\"bankname\":\"\",\"x\":38.0,\"y\":29.0,\"defaultProb\":0.0,\"regionName\":\"\"}"},
  {"clss":"LabourMarket","json":"{\"maxEmployees\":4,\"bidEqualsAsk\":false,\"product\":\"Labour\",\"labourInput\":0,\"name\":\"Labour\",\"initialDeposit\":0,\"bankname\":\"Central Bank\",\"x\":0.0,\"y\":0.0,\"defaultProb\":0.0,\"regionName\":\"\"}"},
  {"clss":"Market","json":"{\"maxEmployees\":4,\"bidEqualsAsk\":false,\"product\":\"Food\",\"labourInput\":0,\"name\":\"M-Food\",\"initialDeposit\":100,\"bankname\":\"Bank-4\",\"x\":353.0,\"y\":369.5,\"defaultProb\":0.0,\"regionName\":\"\"}"},
  {"clss":"Market","json":"{\"maxEmployees\":0,\"bidEqualsAsk\":false,\"product\":\"Milk\",\"labourInput\":0,\"name\":\"M-Milk\",\"initialDeposit\":100,\"bankname\":\"Bank-4\",\"x\":333.0,\"y\":369.5,\"defaultProb\":0.0,\"regionName\":\"\"}"},
  {"clss":"Farm","json":"{\"product\":\"Milk\",\"labourInput\":1,\"name\":\"Farm-8\",\"initialDeposit\":100,\"bankname\":\"Bank-4\",\"x\":126.0,\"y\":221.0,\"defaultProb\":0.0,\"regionName\":\"\"}"},
  {"clss":"Farm","json":"{\"product\":\"Food\",\"labourInput\":1,\"name\":\"Farm-5\",\"initialDeposit\":100,\"bankname\":\"Bank-4\",\"x\":95.0,\"y\":136.0,\"defaultProb\":0.0,\"regionName\":\"\"}"},
  {"clss":"Person","json":"{\"profile\":{\"needs\":{\"Food\":{\"product\":\"Food\",\"quantity\":1,\"storeQ\":2,\"consumption\":1,\"stepFrequency\":0,\"useLoan\":false,\"consumable\":true},\"Milk\":{\"product\":\"Milk\",\"quantity\":0,\"storeQ\":0,\"consumption\":0,\"stepFrequency\":0,\"useLoan\":false,\"consumable\":true}}},\"desiredSalary\":1,\"loanDuration\":120,\"name\":\"ID-23\",\"initialDeposit\":5,\"bankname\":\"Bank-4\",\"x\":0.0,\"y\":0.0,\"defaultProb\":0.0,\"regionName\":\"\"}"},
  {"clss":"Person","json":"{\"profile\":{\"needs\":{\"Food\":{\"product\":\"Food\",\"quantity\":0,\"storeQ\":0,\"consumption\":0,\"stepFrequency\":0,\"useLoan\":false,\"consumable\":true},\"Milk\":{\"product\":\"Milk\",\"quantity\":1,\"storeQ\":2,\"consumption\":1,\"stepFrequency\":0,\"useLoan\":false,\"consumable\":true}}},\"desiredSalary\":1,\"loanDuration\":120,\"name\":\"ID-36\",\"initialDeposit\":5,\"bankname\":\"Bank-4\",\"x\":0.0,\"y\":0.0,\"defaultProb\":0.0,\"regionName\":\"\"}"},
  {"clss":"Person","json":"{\"profile\":{\"needs\":{\"Food\":{\"product\":\"Food\",\"quantity\":0,\"storeQ\":0,\"consumption\":0,\"stepFrequency\":0,\"useLoan\":false,\"consumable\":true},\"Milk\":{\"product\":\"Milk\",\"quantity\":1,\"storeQ\":2,\"consumption\":1,\"stepFrequency\":0,\"useLoan\":false,\"consumable\":true}}},\"desiredSalary\":1,\"loanDuration\":120,\"name\":\"ID-42\",\"initialDeposit\":5,\"bankname\":\"Bank-4\",\"x\":0.0,\"y\":0.0,\"defaultProb\":0.0,\"regionName\":\"\"}"},
  {"clss":"Person","json":"{\"profile\":{\"needs\":{\"Food\":{\"product\":\"Food\",\"quantity\":0,\"storeQ\":0,\"consumption\":0,\"stepFrequency\":0,\"useLoan\":false,\"consumable\":true},\"Milk\":{\"product\":\"Milk\",\"quantity\":1,\"storeQ\":2,\"consumption\":1,\"stepFrequency\":0,\"useLoan\":false,\"consumable\":true}}},\"desiredSalary\":1,\"loanDuration\":120,\"name\":\"ID-32\",\"initialDeposit\":5,\"bankname\":\"Bank-4\",\"x\":0.0,\"y\":0.0,\"defaultProb\":0.0,\"regionName\":\"\"}"},
  {"clss":"Person","json":"{\"profile\":{\"needs\":{\"Food\":{\"product\":\"Food\",\"quantity\":0,\"storeQ\":0,\"consumption\":0,\"stepFrequency\":0,\"useLoan\":false,\"consumable\":true},\"Milk\":{\"product\":\"Milk\",\"quantity\":1,\"storeQ\":2,\"consumption\":1,\"stepFrequency\":0,\"useLoan\":false,\"consumable\":true}}},\"desiredSalary\":1,\"loanDuration\":120,\"name\":\"ID-29\",\"initialDeposit\":5,\"bankname\":\"Bank-4\",\"x\":0.0,\"y\":0.0,\"defaultProb\":0.0,\"regionName\":\"\"}"},
  {"clss":"Person","json":"{\"profile\":{\"needs\":{\"Food\":{\"product\":\"Food\",\"quantity\":1,\"storeQ\":2,\"consumption\":1,\"stepFrequency\":0,\"useLoan\":false,\"consumable\":true},\"Milk\":{\"product\":\"Milk\",\"quantity\":0,\"storeQ\":0,\"consumption\":0,\"stepFrequency\":0,\"useLoan\":false,\"consumable\":true}}},\"desiredSalary\":1,\"loanDuration\":120,\"name\":\"ID-27\",\"initialDeposit\":5,\"bankname\":\"Bank-4\",\"x\":0.0,\"y\":0.0,\"defaultProb\":0.0,\"regionName\":\"\"}"},
  {"clss":"Person","json":"{\"profile\":{\"needs\":{\"Food\":{\"product\":\"Food\",\"quantity\":1,\"storeQ\":2,\"consumption\":1,\"stepFrequency\":0,\"useLoan\":false,\"consumable\":true},\"Milk\":{\"product\":\"Milk\",\"quantity\":0,\"storeQ\":0,\"consumption\":0,\"stepFrequency\":0,\"useLoan\":false,\"consumable\":true}}},\"desiredSalary\":1,\"loanDuration\":120,\"name\":\"ID-13\",\"initialDeposit\":5,\"bankname\":\"Bank-4\",\"x\":0.0,\"y\":0.0,\"defaultProb\":0.0,\"regionName\":\"\"}"},
  {"clss":"Person","json":"{\"profile\":{\"needs\":{\"Food\":{\"product\":\"Food\",\"quantity\":1,\"storeQ\":2,\"consumption\":1,\"stepFrequency\":0,\"useLoan\":false,\"consumable\":true},\"Milk\":{\"product\":\"Milk\",\"quantity\":0,\"storeQ\":0,\"consumption\":0,\"stepFrequency\":0,\"useLoan\":false,\"consumable\":true}}},\"desiredSalary\":1,\"loanDuration\":120,\"name\":\"ID-14\",\"initialDeposit\":5,\"bankname\":\"Bank-4\",\"x\":0.0,\"y\":0.0,\"defaultProb\":0.0,\"regionName\":\"\"}"},
  {"clss":"Person","json":"{\"profile\":{\"needs\":{\"Food\":{\"product\":\"Food\",\"quantity\":0,\"storeQ\":0,\"consumption\":0,\"stepFrequency\":0,\"useLoan\":false,\"consumable\":true},\"Milk\":{\"product\":\"Milk\",\"quantity\":1,\"storeQ\":2,\"consumption\":1,\"stepFrequency\":0,\"useLoan\":false,\"consumable\":true}}},\"desiredSalary\":1,\"loanDuration\":120,\"name\":\"ID-30\",\"initialDeposit\":5,\"bankname\":\"Bank-4\",\"x\":0.0,\"y\":0.0,\"defaultProb\":0.0,\"regionName\":\"\"}"},
  {"clss":"Person","json":"{\"profile\":{\"needs\":{\"Food\":{\"product\":\"Food\",\"quantity\":1,\"storeQ\":2,\"consumption\":1,\"stepFrequency\":0,\"useLoan\":false,\"consumable\":true},\"Milk\":{\"product\":\"Milk\",\"quantity\":0,\"storeQ\":0,\"consumption\":0,\"stepFrequency\":0,\"useLoan\":false,\"consumable\":true}}},\"desiredSalary\":1,\"loanDuration\":120,\"name\":\"ID-25\",\"initialDeposit\":5,\"bankname\":\"Bank-4\",\"x\":0.0,\"y\":0.0,\"defaultProb\":0.0,\"regionName\":\"\"}"},
  {"clss":"Person","json":"{\"profile\":{\"needs\":{\"Food\":{\"product\":\"Food\",\"quantity\":0,\"storeQ\":0,\"consumption\":0,\"stepFrequency\":0,\"useLoan\":false,\"consumable\":true},\"Milk\":{\"product\":\"Milk\",\"quantity\":1,\"storeQ\":2,\"consumption\":1,\"stepFrequency\":0,\"useLoan\":false,\"consumable\":true}}},\"desiredSalary\":1,\"loanDuration\":120,\"name\":\"ID-46\",\"initialDeposit\":5,\"bankname\":\"Bank-4\",\"x\":0.0,\"y\":0.0,\"defaultProb\":0.0,\"regionName\":\"\"}"},
  {"clss":"Person","json":"{\"profile\":{\"needs\":{\"Food\":{\"product\":\"Food\",\"quantity\":0,\"storeQ\":0,\"consumption\":0,\"stepFrequency\":0,\"useLoan\":false,\"consumable\":true},\"Milk\":{\"product\":\"Milk\",\"quantity\":1,\"storeQ\":2,\"consumption\":1,\"stepFrequency\":0,\"useLoan\":false,\"consumable\":true}}},\"desiredSalary\":1,\"loanDuration\":120,\"name\":\"ID-39\",\"initialDeposit\":5,\"bankname\":\"Bank-4\",\"x\":0.0,\"y\":0.0,\"defaultProb\":0.0,\"regionName\":\"\"}"},
  {"clss":"Person","json":"{\"profile\":{\"needs\":{\"Food\":{\"product\":\"Food\",\"quantity\":0,\"storeQ\":0,\"consumption\":0,\"stepFrequency\":0,\"useLoan\":false,\"consumable\":true},\"Milk\":{\"product\":\"Milk\",\"quantity\":1,\"storeQ\":2,\"consumption\":1,\"stepFrequency\":0,\"useLoan\":false,\"consumable\":true}}},\"desiredSalary\":1,\"loanDuration\":120,\"name\":\"ID-40\",\"initialDeposit\":5,\"bankname\":\"Bank-4\",\"x\":0.0,\"y\":0.0,\"defaultProb\":0.0,\"regionName\":\"\"}"},
  {"clss":"Person","json":"{\"profile\":{\"needs\":{\"Food\":{\"product\":\"Food\",\"quantity\":1,\"storeQ\":2,\"consumption\":1,\"stepFrequency\":0,\"useLoan\":false,\"consumable\":true},\"Milk\":{\"product\":\"Milk\",\"quantity\":0,\"storeQ\":0,\"consumption\":0,\"stepFrequency\":0,\"useLoan\":false,\"consumable\":true}}},\"desiredSalary\":1,\"loanDuration\":120,\"name\":\"ID-21\",\"initialDeposit\":5,\"bankname\":\"Bank-4\",\"x\":0.0,\"y\":0.0,\"defaultProb\":0.0,\"regionName\":\"\"}"},
  {"clss":"Person","json":"{\"profile\":{\"needs\":{\"Food\":{\"product\":\"Food\",\"quantity\":1,\"storeQ\":2,\"consumption\":1,\"stepFrequency\":0,\"useLoan\":false,\"consumable\":true},\"Milk\":{\"product\":\"Milk\",\"quantity\":0,\"storeQ\":0,\"consumption\":0,\"stepFrequency\":0,\"useLoan\":false,\"consumable\":true}}},\"desiredSalary\":1,\"loanDuration\":120,\"name\":\"ID-15\",\"initialDeposit\":5,\"bankname\":\"Bank-4\",\"x\":0.0,\"y\":0.0,\"defaultProb\":0.0,\"regionName\":\"\"}"},
  {"clss":"Person","json":"{\"profile\":{\"needs\":{\"Food\":{\"product\":\"Food\",\"quantity\":1,\"storeQ\":2,\"consumption\":1,\"stepFrequency\":0,\"useLoan\":false,\"consumable\":true},\"Milk\":{\"product\":\"Milk\",\"quantity\":0,\"storeQ\":0,\"consumption\":0,\"stepFrequency\":0,\"useLoan\":false,\"consumable\":true}}},\"desiredSalary\":1,\"loanDuration\":120,\"name\":\"ID-12\",\"initialDeposit\":5,\"bankname\":\"Bank-4\",\"x\":0.0,\"y\":0.0,\"defaultProb\":0.0,\"regionName\":\"\"}"},
  {"clss":"Person","json":"{\"profile\":{\"needs\":{\"Food\":{\"product\":\"Food\",\"quantity\":0,\"storeQ\":0,\"consumption\":0,\"stepFrequency\":0,\"useLoan\":false,\"consumable\":true},\"Milk\":{\"product\":\"Milk\",\"quantity\":1,\"storeQ\":2,\"consumption\":1,\"stepFrequency\":0,\"useLoan\":false,\"consumable\":true}}},\"desiredSalary\":2,\"loanDuration\":120,\"name\":\"ID-47\",\"initialDeposit\":5,\"bankname\":\"Bank-4\",\"x\":0.0,\"y\":0.0,\"defaultProb\":0.0,\"regionName\":\"\"}"},
  {"clss":"Person","json":"{\"profile\":{\"needs\":{\"Food\":{\"product\":\"Food\",\"quantity\":0,\"storeQ\":0,\"consumption\":0,\"stepFrequency\":0,\"useLoan\":false,\"consumable\":true},\"Milk\":{\"product\":\"Milk\",\"quantity\":1,\"storeQ\":2,\"consumption\":1,\"stepFrequency\":0,\"useLoan\":false,\"consumable\":true}}},\"desiredSalary\":2,\"loanDuration\":120,\"name\":\"ID-33\",\"initialDeposit\":5,\"bankname\":\"Bank-4\",\"x\":0.0,\"y\":0.0,\"defaultProb\":0.0,\"regionName\":\"\"}"},
  {"clss":"Person","json":"{\"profile\":{\"needs\":{\"Food\":{\"product\":\"Food\",\"quantity\":0,\"storeQ\":0,\"consumption\":0,\"stepFrequency\":0,\"useLoan\":false,\"consumable\":true},\"Milk\":{\"product\":\"Milk\",\"quantity\":1,\"storeQ\":2,\"consumption\":1,\"stepFrequency\":0,\"useLoan\":false,\"consumable\":true}}},\"desiredSalary\":1,\"loanDuration\":120,\"name\":\"ID-37\",\"initialDeposit\":5,\"bankname\":\"Bank-4\",\"x\":0.0,\"y\":0.0,\"defaultProb\":0.0,\"regionName\":\"\"}"},
  {"clss":"Person","json":"{\"profile\":{\"needs\":{\"Food\":{\"product\":\"Food\",\"quantity\":1,\"storeQ\":2,\"consumption\":1,\"stepFrequency\":0,\"useLoan\":false,\"consumable\":true},\"Milk\":{\"product\":\"Milk\",\"quantity\":0,\"storeQ\":0,\"consumption\":0,\"stepFrequency\":0,\"useLoan\":false,\"consumable\":true}}},\"desiredSalary\":2,\"loanDuration\":120,\"name\":\"ID-9\",\"initialDeposit\":5,\"bankname\":\"Bank-4\",\"x\":0.0,\"y\":0.0,\"defaultProb\":0.0,\"regionName\":\"\"}"},
  {"clss":"Person","json":"{\"profile\":{\"needs\":{\"Food\":{\"product\":\"Food\",\"quantity\":1,\"storeQ\":2,\"consumption\":1,\"stepFrequency\":0,\"useLoan\":false,\"consumable\":true},\"Milk\":{\"product\":\"Milk\",\"quantity\":0,\"storeQ\":0,\"consumption\":0,\"stepFrequency\":0,\"useLoan\":false,\"consumable\":true}}},\"desiredSalary\":1,\"loanDuration\":120,\"name\":\"ID-20\",\"initialDeposit\":5,\"bankname\":\"Bank-4\",\"x\":0.0,\"y\":0.0,\"defaultProb\":0.0,\"regionName\":\"\"}"},
  {"clss":"Person","json":"{\"profile\":{\"needs\":{\"Food\":{\"product\":\"Food\",\"quantity\":1,\"storeQ\":2,\"consumption\":1,\"stepFrequency\":0,\"useLoan\":false,\"consumable\":true},\"Milk\":{\"product\":\"Milk\",\"quantity\":0,\"storeQ\":0,\"consumption\":0,\"stepFrequency\":0,\"useLoan\":false,\"consumable\":true}}},\"desiredSalary\":1,\"loanDuration\":120,\"name\":\"ID-28\",\"initialDeposit\":5,\"bankname\":\"Bank-4\",\"x\":0.0,\"y\":0.0,\"defaultProb\":0.0,\"regionName\":\"\"}"},
  {"clss":"Person","json":"{\"profile\":{\"needs\":{\"Food\":{\"product\":\"Food\",\"quantity\":0,\"storeQ\":0,\"consumption\":0,\"stepFrequency\":0,\"useLoan\":false,\"consumable\":true},\"Milk\":{\"product\":\"Milk\",\"quantity\":1,\"storeQ\":2,\"consumption\":1,\"stepFrequency\":0,\"useLoan\":false,\"consumable\":true}}},\"desiredSalary\":1,\"loanDuration\":120,\"name\":\"ID-31\",\"initialDeposit\":5,\"bankname\":\"Bank-4\",\"x\":0.0,\"y\":0.0,\"defaultProb\":0.0,\"regionName\":\"\"}"},
  {"clss":"Person","json":"{\"profile\":{\"needs\":{\"Food\":{\"product\":\"Food\",\"quantity\":1,\"storeQ\":2,\"consumption\":1,\"stepFrequency\":0,\"useLoan\":false,\"consumable\":true},\"Milk\":{\"product\":\"Milk\",\"quantity\":0,\"storeQ\":0,\"consumption\":0,\"stepFrequency\":0,\"useLoan\":false,\"consumable\":true}}},\"desiredSalary\":1,\"loanDuration\":120,\"name\":\"ID-18\",\"initialDeposit\":5,\"bankname\":\"Bank-4\",\"x\":0.0,\"y\":0.0,\"defaultProb\":0.0,\"regionName\":\"\"}"},
  {"clss":"Person","json":"{\"profile\":{\"needs\":{\"Food\":{\"product\":\"Food\",\"quantity\":1,\"storeQ\":2,\"consumption\":1,\"stepFrequency\":0,\"useLoan\":false,\"consumable\":true},\"Milk\":{\"product\":\"Milk\",\"quantity\":0,\"storeQ\":0,\"consumption\":0,\"stepFrequency\":0,\"useLoan\":false,\"consumable\":true}}},\"desiredSalary\":1,\"loanDuration\":120,\"name\":\"ID-24\",\"initialDeposit\":5,\"bankname\":\"Bank-4\",\"x\":0.0,\"y\":0.0,\"defaultProb\":0.0,\"regionName\":\"\"}"},
  {"clss":"Person","json":"{\"profile\":{\"needs\":{\"Food\":{\"product\":\"Food\",\"quantity\":1,\"storeQ\":2,\"consumption\":1,\"stepFrequency\":0,\"useLoan\":false,\"consumable\":true},\"Milk\":{\"product\":\"Milk\",\"quantity\":0,\"storeQ\":0,\"consumption\":0,\"stepFrequency\":0,\"useLoan\":false,\"consumable\":true}}},\"desiredSalary\":1,\"loanDuration\":120,\"name\":\"ID-16\",\"initialDeposit\":5,\"bankname\":\"Bank-4\",\"x\":0.0,\"y\":0.0,\"defaultProb\":0.0,\"regionName\":\"\"}"},
  {"clss":"Person","json":"{\"profile\":{\"needs\":{\"Food\":{\"product\":\"Food\",\"quantity\":1,\"storeQ\":2,\"consumption\":1,\"stepFrequency\":0,\"useLoan\":false,\"consumable\":true},\"Milk\":{\"product\":\"Milk\",\"quantity\":0,\"storeQ\":0,\"consumption\":0,\"stepFrequency\":0,\"useLoan\":false,\"consumable\":true}}},\"desiredSalary\":1,\"loanDuration\":120,\"name\":\"ID-11\",\"initialDeposit\":5,\"bankname\":\"Bank-4\",\"x\":0.0,\"y\":0.0,\"defaultProb\":0.0,\"regionName\":\"\"}"},
  {"clss":"Person","json":"{\"profile\":{\"needs\":{\"Food\":{\"product\":\"Food\",\"quantity\":0,\"storeQ\":0,\"consumption\":0,\"stepFrequency\":0,\"useLoan\":false,\"consumable\":true},\"Milk\":{\"product\":\"Milk\",\"quantity\":1,\"storeQ\":2,\"consumption\":1,\"stepFrequency\":0,\"useLoan\":false,\"consumable\":true}}},\"desiredSalary\":1,\"loanDuration\":120,\"name\":\"ID-43\",\"initialDeposit\":5,\"bankname\":\"Bank-4\",\"x\":0.0,\"y\":0.0,\"defaultProb\":0.0,\"regionName\":\"\"}"},
  {"clss":"Person","json":"{\"profile\":{\"needs\":{\"Food\":{\"product\":\"Food\",\"quantity\":1,\"storeQ\":2,\"consumption\":1,\"stepFrequency\":0,\"useLoan\":false,\"consumable\":true},\"Milk\":{\"product\":\"Milk\",\"quantity\":0,\"storeQ\":0,\"consumption\":0,\"stepFrequency\":0,\"useLoan\":false,\"consumable\":true}}},\"desiredSalary\":1,\"loanDuration\":120,\"name\":\"ID-22\",\"initialDeposit\":5,\"bankname\":\"Bank-4\",\"x\":0.0,\"y\":0.0,\"defaultProb\":0.0,\"regionName\":\"\"}"},
  {"clss":"Person","json":"{\"profile\":{\"needs\":{\"Food\":{\"product\":\"Food\",\"quantity\":0,\"storeQ\":0,\"consumption\":0,\"stepFrequency\":0,\"useLoan\":false,\"consumable\":true},\"Milk\":{\"product\":\"Milk\",\"quantity\":1,\"storeQ\":2,\"consumption\":1,\"stepFrequency\":0,\"useLoan\":false,\"consumable\":true}}},\"desiredSalary\":1,\"loanDuration\":120,\"name\":\"ID-38\",\"initialDeposit\":5,\"bankname\":\"Bank-4\",\"x\":0.0,\"y\":0.0,\"defaultProb\":0.0,\"regionName\":\"\"}"},
  {"clss":"Person","json":"{\"profile\":{\"needs\":{\"Food\":{\"product\":\"Food\",\"quantity\":0,\"storeQ\":0,\"consumption\":0,\"stepFrequency\":0,\"useLoan\":false,\"consumable\":true},\"Milk\":{\"product\":\"Milk\",\"quantity\":1,\"storeQ\":2,\"consumption\":1,\"stepFrequency\":0,\"useLoan\":false,\"consumable\":true}}},\"desiredSalary\":1,\"loanDuration\":120,\"name\":\"ID-35\",\"initialDeposit\":5,\"bankname\":\"Bank-4\",\"x\":0.0,\"y\":0.0,\"defaultProb\":0.0,\"regionName\":\"\"}"},
  {"clss":"Person","json":"{\"profile\":{\"needs\":{\"Food\":{\"product\":\"Food\",\"quantity\":0,\"storeQ\":0,\"consumption\":0,\"stepFrequency\":0,\"useLoan\":false,\"consumable\":true},\"Milk\":{\"product\":\"Milk\",\"quantity\":1,\"storeQ\":2,\"consumption\":1,\"stepFrequency\":0,\"useLoan\":false,\"consumable\":true}}},\"desiredSalary\":1,\"loanDuration\":120,\"name\":\"ID-45\",\"initialDeposit\":5,\"bankname\":\"Bank-4\",\"x\":0.0,\"y\":0.0,\"defaultProb\":0.0,\"regionName\":\"\"}"},
  {"clss":"Person","json":"{\"profile\":{\"needs\":{\"Food\":{\"product\":\"Food\",\"quantity\":1,\"storeQ\":2,\"consumption\":1,\"stepFrequency\":0,\"useLoan\":false,\"consumable\":true},\"Milk\":{\"product\":\"Milk\",\"quantity\":0,\"storeQ\":0,\"consumption\":0,\"stepFrequency\":0,\"useLoan\":false,\"consumable\":true}}},\"desiredSalary\":1,\"loanDuration\":120,\"name\":\"ID-19\",\"initialDeposit\":5,\"bankname\":\"Bank-4\",\"x\":0.0,\"y\":0.0,\"defaultProb\":0.0,\"regionName\":\"\"}"},
  {"clss":"Person","json":"{\"profile\":{\"needs\":{\"Food\":{\"product\":\"Food\",\"quantity\":1,\"storeQ\":2,\"consumption\":1,\"stepFrequency\":0,\"useLoan\":false,\"consumable\":true},\"Milk\":{\"product\":\"Milk\",\"quantity\":0,\"storeQ\":0,\"consumption\":0,\"stepFrequency\":0,\"useLoan\":false,\"consumable\":true}}},\"desiredSalary\":1,\"loanDuration\":120,\"name\":\"ID-26\",\"initialDeposit\":5,\"bankname\":\"Bank-4\",\"x\":0.0,\"y\":0.0,\"defaultProb\":0.0,\"regionName\":\"\"}"},
  {"clss":"Person","json":"{\"profile\":{\"needs\":{\"Food\":{\"product\":\"Food\",\"quantity\":1,\"storeQ\":2,\"consumption\":1,\"stepFrequency\":0,\"useLoan\":false,\"consumable\":true},\"Milk\":{\"product\":\"Milk\",\"quantity\":0,\"storeQ\":0,\"consumption\":0,\"stepFrequency\":0,\"useLoan\":false,\"consumable\":true}}},\"desiredSalary\":1,\"loanDuration\":120,\"name\":\"ID-10\",\"initialDeposit\":5,\"bankname\":\"Bank-4\",\"x\":0.0,\"y\":0.0,\"defaultProb\":0.0,\"regionName\":\"\"}"},
  {"clss":"Person","json":"{\"profile\":{\"needs\":{\"Food\":{\"product\":\"Food\",\"quantity\":0,\"storeQ\":0,\"consumption\":0,\"stepFrequency\":0,\"useLoan\":false,\"consumable\":true},\"Milk\":{\"product\":\"Milk\",\"quantity\":1,\"storeQ\":2,\"consumption\":1,\"stepFrequency\":0,\"useLoan\":false,\"consumable\":true}}},\"desiredSalary\":1,\"loanDuration\":120,\"name\":\"ID-44\",\"initialDeposit\":5,\"bankname\":\"Bank-4\",\"x\":0.0,\"y\":0.0,\"defaultProb\":0.0,\"regionName\":\"\"}"},
  {"clss":"Person","json":"{\"profile\":{\"needs\":{\"Food\":{\"product\":\"Food\",\"quantity\":0,\"storeQ\":0,\"consumption\":0,\"stepFrequency\":0,\"useLoan\":false,\"consumable\":true},\"Milk\":{\"product\":\"Milk\",\"quantity\":1,\"storeQ\":2,\"consumption\":1,\"stepFrequency\":0,\"useLoan\":false,\"consumable\":true}}},\"desiredSalary\":1,\"loanDuration\":120,\"name\":\"ID-48\",\"initialDeposit\":5,\"bankname\":\"Bank-4\",\"x\":0.0,\"y\":0.0,\"defaultProb\":0.0,\"regionName\":\"\"}"},
  {"clss":"Person","json":"{\"profile\":{\"needs\":{\"Food\":{\"product\":\"Food\",\"quantity\":1,\"storeQ\":2,\"consumption\":1,\"stepFrequency\":0,\"useLoan\":false,\"consumable\":true},\"Milk\":{\"product\":\"Milk\",\"quantity\":0,\"storeQ\":0,\"consumption\":0,\"stepFrequency\":0,\"useLoan\":false,\"consumable\":true}}},\"desiredSalary\":1,\"loanDuration\":120,\"name\":\"ID-17\",\"initialDeposit\":5,\"bankname\":\"Bank-4\",\"x\":0.0,\"y\":0.0,\"defaultProb\":0.0,\"regionName\":\"\"}"},
  {"clss":"Person","json":"{\"profile\":{\"needs\":{\"Food\":{\"product\":\"Food\",\"quantity\":0,\"storeQ\":0,\"consumption\":0,\"stepFrequency\":0,\"useLoan\":false,\"consumable\":true},\"Milk\":{\"product\":\"Milk\",\"quantity\":1,\"storeQ\":2,\"consumption\":1,\"stepFrequency\":0,\"useLoan\":false,\"consumable\":true}}},\"desiredSalary\":1,\"loanDuration\":120,\"name\":\"ID-41\",\"initialDeposit\":5,\"bankname\":\"Bank-4\",\"x\":0.0,\"y\":0.0,\"defaultProb\":0.0,\"regionName\":\"\"}"},
  {"clss":"Person","json":"{\"profile\":{\"needs\":{\"Food\":{\"product\":\"Food\",\"quantity\":0,\"storeQ\":0,\"consumption\":0,\"stepFrequency\":0,\"useLoan\":false,\"consumable\":true},\"Milk\":{\"product\":\"Milk\",\"quantity\":1,\"storeQ\":2,\"consumption\":1,\"stepFrequency\":0,\"useLoan\":false,\"consumable\":true}}},\"desiredSalary\":2,\"loanDuration\":120,\"name\":\"ID-34\",\"initialDeposit\":5,\"bankname\":\"Bank-4\",\"x\":0.0,\"y\":0.0,\"defaultProb\":0.0,\"regionName\":\"\"}"}
 ]
}
